employer_name,count
РН-Аэро,10
КБ Пойдём!,2
СБЕР,52
Яндекс Крауд,23
Газпром нефть,11
ГОСАПТЕКА,6
Винлаб,67
Главное управление МЧС России по Приморскому краю,7
Компания Группа компаний Реми,71
Альфа-Банк,17
Мобильный Ритейл,35
Бубль-Гум,19
Манчжур-Морская шип-чандлерская служба,8
Алеут фирменная розничная сеть Ратимир,70
100ДЕЛ,12
Тинькофф,172
КЛЕВЕР,6
Яндекс,64
Альфа-Кар ТРАК,28
Группа компаний ТАФИ,5
Домовид,21
Розничная сеть МТС,17
ДРСК Приморские электрические сети,57
ГЛОРИЯ ДЖИНС,27
Апекс Групп,22
LiteJob,44
Дружин Игорь Станиславович,30
Ростелеком,88
BELUGA GROUP,23
ФинДоставка,2
Тереховский ЗБИ,38
"Бристоль, сеть магазинов",25
Русский минтай,36
ААК ПРОГРЕСС,69
BY business group,9
Банк ВТБ (ПАО),6
Развлекательный комплекс Tigre de Cristal,53
Почта России,52
"Российская телевизионная и радиовещательная сеть, ФГУП",4
Вертикаль. Центр подбора персонала,1
Логистик-В,2
СиАрСиСи Рус,21
VLADIVOSTOK Grand Hotel & SPA,23
Розничное направление ГК Невада,44
Райффайзен Банк,9
Финансовая Почта,5
СГМК,13
Мегаполис,59
БУ Березовская районная больница,4
Аптека Миницен,7
Домотехника,33
"Алабуга, ОЭЗ ППТ",14
Уральский оптико-механический завод,1
"Мойдодыр, профессиональная уборка",1
Дальтрансстрой,6
"Красное & Белое, розничная сеть",23
ИНСТОР,7
Антрацитинвестпроект,15
СЗ Вива,5
Аскольд,4
Почта Банк,10
Государственное бюджетное учреждение здравоохранения Калининградской области Балтийская центральная районная больница,6
Специальные технологии контроля,3
Форвард Трейд,5
Эй-Пи Трейд,38
Главное управление Федеральной службы судебных приставов по Приморскому краю,14
Лаборатория Гемотест,8
Мебельная компания «Шатура»,4
Фарматика,5
ГБУЗ ПК БЮРО СМЭ,7
Транзит,40
ITM,2
"ДИЛАН, Группа компаний",39
Универсал,2
Банк Хоум Кредит,8
Группа Компаний «Доброфлот»,56
Приморский завод ЕВРОПЛАСТ,13
Днс Дом,26
Доширак Рус,2
ТехЦентр,6
РАТИМИР,43
Сити Кофе Владивосток,5
Бонжур,10
Группа компаний Невада,19
Деловые Линии,15
Владсклад,1
Спортмастер,7
Форейн-Трейд,7
Группа компаний Автомотив,2
ГК ВЛ Лоджистик,12
ГК Центр Кровли,10
Торговый дом Лазурит,15
Гефест-ДВ,8
Медсправка (ООО УК Востокмедгрупп),12
Представитель компании ООО Альянс,2
МКУК ЦСКДУ,6
Форсавто,13
ДСК Приморье,20
DNS Головной офис,29
Premium Groom,1
Ди-Ай-Вай Сервис,4
Додо Пицца (ООО Рокет Пицца),10
Аэропорт Девелопмент,4
Модуль,10
Русбизнесавто,11
"Гейзер, группа компаний",1
Отличные наличные,6
Капитал Лайф Страхование Жизни,3
Гратион,1
ANCOR,23
Центр детского здоровья,12
Восток-Лидер,2
БИГЦЕНТР,3
Ренессанс Банк,2
Группа компаний PACK&FLY,3
Невод,25
Леруа Мерлен,18
Химсервис,4
Компания ПЭК,10
Торговый Дом Аквадом,8
Маренко Александра Владимировна,2
САМСАН,1
Строительная компания КОВЧЕГ,14
Хладокомбинат Заречный,16
ГК Пасифик,1
Группа компаний Альянс,7
Гостиница Мираж,1
Сеть магазинов цифровой и бытовой техники DNS,47
Движение,3
СтальГрад,51
Сталепромышленная компания,40
Траклайнер ДВ,1
Дикси,15
Тотал-Трейд,4
Технология Карьеры,11
Мартен,11
Завод Кпд 100,2
ТАНДЕМ ТРЭК,1
Фасадэна,2
КДВ Групп,11
РОСБАНК,5
ГК Сибирь Профиль (ООО Практичные двери),1
Дез-Центр,4
Корона Авто,6
ВИГ,1
ГудФуд,23
ДКС,2
НАО Шамбала,21
Величко Вадим Викторович,2
Первый Парфюмерный,1
ЛогЛаб,1
АртГЕО-ДВ,5
Компания Мир упаковки,10
Владсинтез,4
Центр бухгалтерского обслуживания,1
Хабаровская ремонтно-монтажная компания,6
ОптПромТорг,2
ВладВитрина,1
Компания Санвэй,3
Альтэк Дв,11
Феррум,3
Добрострой ДВ,2
Строительная компания Куб,3
ОСГ Рекордз Менеджмент,1
М.Видео-Эльдорадо,17
СберЛогистика,5
МПК (Призыванет.Ру),2
"STS Logistics, Холдинг",1
СДС Строй ДВ филиал,37
ТРК Приморское Кольцо,3
Деловые люди,29
Putin Team Russia,1
Кайрос,8
FM Logistic,1
Золотое Время Дальний Восток,4
КГБУЗ Находкинская ГБ,21
Автомаркет Гамма,2
Джел Ко,3
Кацура Павел Юрьевич,1
РосДеньги,2
Федеральная сетевая компания – Россети,9
Арт-парк Штыковские пруды,10
Энергомаркет,2
Восхождение,3
ЛГ Машинери,1
,1
СДЭК,5
ИК Ренессанс Групп,1
Морской порт Суходол,8
Купи Для Дома,1
ДВ-АРС,1
Краевой центр охраны труда,14
Эксполес,9
"Бубль Гум, Розничная сеть",3
Реноме,11
Международный аэропорт Владивосток,21
Агроресурсы,4
"Развитие 2000, Финансово-консалтинговая группа",10
Востокнефтепродукт,21
Газпром гелий сервис,9
Владлинк,4
Мелодия здоровья,1
Приморский Торговый Центр,2
Помощник,1
Золотая мозаика,9
Совкомбанк,23
АТЭК,26
Самолет Плюс,1
Логфаст,6
Группа компаний Юнион Владивосток,4
Детский Мир,7
Мельниченко В.И. Производственный комплекс Серышевский,2
Авторитет Спецтехно,1
БВТ БАРЬЕР РУС,1
Твой Друг,8
"Сантехкомплект, Компания",1
Торговый Дом Морозова,5
Форум-Авто,4
Группа Компаний Регион,7
Филиал Дальневосточный ООО ЛокоТех-Сервис,10
Управление перспективных технологий,1
Олимпинвест,1
Чупров Алексей Вячеславович,5
Проект,47
Атлантикс констракшн,3
Автотехника,2
Репласт,4
Белый Кролик (ИП Оникиенко Роман Евгеньевич),13
Влад Рейс,26
Атлас,1
Дельта Сервис,1
Спецавтострой-Дв,1
Альянсгрупп,2
Дорсервис Владивосток,1
АВАНТ,1
Шепелева Кристина Андреевна,1
Аида,1
Газпром газораспределение Дальний Восток,4
Дальневосточный банк,9
Сфера Менеджмент,23
ОМС,3
WILDBERRIES,1
Новая Торговая Компания,1
Спецстройтехника,1
Российские железные дороги,54
Охотская Горно-Геологическая Компания,27
Завод Котельного Оборудования Дальстам,1
ТД Традиции,13
Золотодобывающая Экономическая Компания,1
Дальневосточная Транспортная Компания,3
ФГБУН Ботанический сад-институт Дальневосточного отделения Российской академии наук,1
Т.Б.М.,2
SOKOLOV,1
"AROUND, Группа компаний",2
"РИВ ГОШ, Сеть магазинов",1
ФГБОУ Всероссийский детский центр Океан,2
Алкогольная Сибирская группа,1
Примспецстрой,2
Владивостокский Бутощебёночный Завод,5
Лиан,1
Группа компаний Техсервис,5
Интеллект-Инжиниринг,2
Компания Арсенал,3
Сдэк-Артем,1
Промстрой,13
Капран Любовь Анатольевна,2
Релакс,9
Highland Gold,5
"АРК ПЕРСОНАЛ, Кадровое агентство",5
"Проспект,ООО кадровое агентство",3
РОССКО,5
Клиника слуха Аудионика,6
ГЦ ТЕХНО,1
НОУДО ОЦ Лингва-Плюс,4
Раташнюк Денис Анатольевич,1
ГК Юником,1
ГК Черноголовка,1
Газхолодтехнология,2
ДГК,13
ЕВРАЗ,1
Тренд Про Плюс,7
Ozon,4
Нова-Безопасность,24
Адвант,2
3М,1
Островлогистик,1
Завод ВРК Сапфир,16
RBT.ru,10
Пенжинская горная компания,7
Дальний,1
РУЛОГ,1
Продинвест,1
ТД ВИК,15
Мултон Партнерс,1
КАРИ,9
Афродита,1
Терминал,1
Разрез Полтавский,4
АгроПтица,5
Работа Центр,6
Импорт Лубрикантс,1
Агроимпорт ДВ,1
Айс Юнион,4
УМВД России по Приморскому краю,4
Квазар,5
BeBrand (ООО Бизбренд),1
ЦЕНТРОФИНАНС,5
Русклимат,1
Строительная компания Никос-сервис,1
Образовательное учреждение Дальневосточный федеральный университет,10
Мак Ольга Викторовна,1
Мегаполис Групп,1
Рустрейд Компани,3
Новые решения,1
Хромов Владимир Юрьевич,1
ГБУЗ Южно-Курильская ЦРБ,5
ББР Банк,2
Эйсаир,2
ВЕЛЕС-СНЕК,3
Сервис ДВ,4
Группа компаний OPEN,5
Ventra,2
ОРЦ Приморье,5
Галстян Айк Суренович,2
Группа компаний ГЛОБАЛ,1
Хуан И (Рус),1
Планограмма,2
Стис,14
"Московский филиал Китайской компании коммуникаций и строительства, ОП Приморский",1
СТРОИТЕЛЬНАЯ КОМПАНИЯ ЗЕНИТ,2
Судостроительный комплекс Звезда,163
Госкапстрой,7
КГБУЗ Городская больница № 7 министерства здравоохранения Хабаровского края,7
Техмаш,3
Комсомольскэнергомонтаж,11
FIT SERVICE,9
Аксиома-СК,3
ДВЗ ЗВЕЗДА,28
Литона,11
АТМ АЛЬЯНС,5
ДВСК-Инжиниринг,1
Китайская компания коммуникаций и строительства,35
СМАРТ,1
БалтТехМаш,2
Татспиртпром,2
"Владторг, филиал в г.Находка",25
Staff-UP Consulting Group,3
Выборгский судостроительный завод,2
Общество с ограниченной ответственностью Свис Инжиниринг Груп,24
Русский холод,2
Пятёрочка,51
ЦКБ «Айсберг»,1
Воропай Евгений Юрьевич,1
KHAN,3
Ювелирный дом Золотая Русь,2
Маяк,2
Веллдан,2
Порт Вера,2
Полюс Групп,3
ГАУ СО Агентство по развитию человеческого капитала,3
"СНС, Группа компаний",13
Правительство Приморского Края,4
Донхэ и энд ти рус,1
Мой Бизнес,5
Чудновец Инна Викторовна,2
Железобетон-5,2
Ремос,1
Суши-Маркет,3
"Китайская компания коммуникаций и строительства, Обособленное подразделение 1",1
Стройэнергохолдинг,1
Эвриал,1
Горно-металлургический комплекс Дальполиметалл,35
УК ХАС ГРУПП,2
Азиатско-Тихоокеанский Банк,6
Техстрой,23
Амур Золото,1
ДЭТРА,3
Холдинг Селигдар,4
ГБУЗ Нововасильевская Районная Больница,2
Озерное,14
Русолово,4
Артель старателей Амур,2
Быстринская горная компания,3
Холдинг Монастырев,20
RFP Group,7
ТРАНСНЕФТЬ - ДАЛЬНИЙ ВОСТОК,5
Сибирская генерирующая Компания,11
Голд Стандарт,1
Happy Group,1
Золото Дельмачик,4
Славинвестстрой,8
ЮНИЛАБ,7
ПКБ,4
Амуруголь,9
СервисМонтажСтрой,1
Дальнефтепродукт,5
Эссен Продакшн АГ,5
ВДК,4
Алкомаркет Столица,6
Подшипник-Сервис ДВ,1
Институт Оргэнергострой,4
МТС,17
СКБ Приморья Примсоцбанк,12
Бамстройуниверсал,3
КГБУЗ Лесозаводская ЦГБ,30
Дисконт Мебель,1
Империя Строй,12
Спутниковое ТВ МТС,1
Вкусно — и точка,6
Находкинский судоремонтный завод,27
МегаФон,12
ТетраТранс,1
ВУТ,1
РН-Морской терминал Находка,22
Полищук Александра Александровна,16
MX group,12
Автотрейд,6
Терминал Астафьева,11
Global Ports Management,5
Потолки Для Вас,1
ПТБ Регион,1
Восток 27,1
НТК,8
Binggrae (ИП Леонова Наталья Викторовна),2
КОУЛСТАР,7
Роснефтефлот,1
ГБУЗ Областная больница г. Троицк,7
Деньга,2
Грин Си Транспорт,3
Yusen Logistics Rus (Юсен Лоджистикс Рус ),2
НЗМУ,10
Нужные люди,5
СОЮЗХИМТРАНС ИНТЕРНЕШИНЕЛ,3
Солощенко Кристина Игоревна,1
МУП Находка-Водоканал,12
сеть пекарен Мамин хлеб ИП Киндурис А.А.,1
Хуа Синь Лайнс,2
АБРО,5
Фуд Продактс,2
СК Гранит,6
MusFamily,2
Атранс ДВ,1
Юрист Для Людей,2
Орион-Экспресс,2
Торговая Сеть ТехноНИКОЛЬ,1
Валта,2
ПИКАССО,1
ЮК Зенит,1
Восточная горнорудная компания,1
Управляющая компания КамчатЖКХ,2
КолымаДорСтрой,2
Науменко Полина Александровна,1
Аптека25,4
Находкинский морской рыбный порт,7
МТС Банк,4
Порт Восточные ворота - Приморский Завод,3
Акросс Логистические Решения,1
Профиткар,1
СК Ренессанс Жизнь,4
OSTIN,7
Недвижимость Находка,1
Алексей Бакшеев,1
Рускон,1
Григорьев Анатолий Юрьевич,3
Суши Мастер,5
ФГУП Росморпорт,4
Гусев Иван Сергеевич,1
Сфера ДВ,2
РБ-Групп,7
Аксесс-А.С.К.,3
Морской Траст,4
Jobers,5
Модус,3
Администрация Находкинского городского округа,1
SVA-Service,2
Находкинский морской торговый порт,7
УК «КИЛОНОВА»,2
Порт Ванино,10
Бюро Веритас Русь,1
СК Северная Гавань,5
Инсофт,5
ПСК Теплый дом,1
Abi,3
Морское агентство Шельф-Флот,2
Находкинский городской суд Приморского края,1
Юнитрейд,4
КГКУ «Приморский центр занятости населения».,5
ZOLLA,2
Владхлеб,14
Глобал Эко,2
Хорошая погода,3
Усть-СреднеканГЭСстрой,6
Находкинская база активного морского рыболовства,1
АМУР МАСТЕР,2
Айкрафт,3
Куимов Станислав Сергеевич,1
ХСО,1
СахМП,1
ДжетСет,2
Владимир 1,5
Дюна Плюс,1
Дальневосточная танкерная компания,1
Промышленная Медицина,2
РН-Пожарная безопасность,3
Подключение водителей к сервису Максим,2
Ледивилль,2
Ледовских О.В.,1
"Форвард, Строительная компания",3
Бридж Лоджистикс,1
Тахосервис,4
Энергосфера,4
Трест Гидромонтаж,1
"Успех, Кадровое агентство",10
ИК СИБИНТЕК,1
SUNLIGHT/САНЛАЙТ,3
Инновационный Центр Разработок Находка,1
Марлен (ООО Антаресгрупп),4
Астерлин,2
"585, Золотой",2
"ТехИнновации, филиал г. Россошь",1
Рыболовецкая артель Народы Севера,1
English Studio (ИП Сон Алина Григорьевна),1
Хмелевский Михаил,1
Сухой порт Находка,2
ЛЭтуаль,2
Staffwell,1
Промоушен.ру,1
Маскон,2
2ГИС,1
Морское Крюинговое Агентство Партнер,1
Группа Компаний Мечел,3
Дальневосточный экспедитор,6
Группа Компаний РУСАГРО,25
"Эксперт, Дальневосточный центр кадровых технологий",4
Клубный Поселок Александрийский,10
PhotoTime,1
ДОБРОЦЕН,1
Асклепий,2
SGS Vostok Limited,3
Центральный банк Российской Федерации,3
ХМЕЛЬНОЙ МЕРИН магазин разливных напитков,1
Бураза Авто Трейд,1
SmokeDonalds (ИП Мильчаков Анатолий Викторович),1
Газпромбанк,1
Медицинский центр ПРИСКО,1
АльфаСтрахование,1
Автомолл,1
"Содружество, Группа компаний",2
Неоком,1
Желдорэкспедиция-В,1
ПЭК (ИП Кузовов Андрей Романович),3
Premier Basic Professional,1
Средняя Общеобразовательная Школа №22 Находкинского Городского Округа,1
Delko,2
УПТК,1
ИНВИТРО,2
Ветли,3
Ича-фиш,1
FESCO (ПАО Дальневосточное морское пароходство),10
ТЕХСТРОЙКОНТРАКТ,4
НОВОЕ ВРЕМЯ,1
Сибресурс,1
УК Розничные Технологии,1
РЖД-Медицина,1
Альтрад Сервисиз,2
УК ГидроОГК,1
ФармОушен Лаб.,1
АльянсТрансСтрой,3
Крона,3
Железобетон,2
ФорестГранд,3
Втормет-ДВ,5
"Примтеплоэнерго, КГУП",1
Ресурс Групп,2
Майнинг Солюшнс,1
Артель Старателей Архара,5
Владзооторг,1
РемстройГарант,14
ПЛАНЕТА-АВТО,4
Зоопарк Чудесный,1
Профит-Сервис,2
Восток-формат,12
Всеметрия Уссурийск,7
ИКС-РОУД,4
Тен Евгений Александрович,1
Желдорреммаш,9
Лухвич Константин Анатольевич,1
Восток Машинери Групп,2
Группа компаний Агротек,1
Юпитер,1
Монолит Сервис,4
ГЭС-Монтаж,6
Ростпроектмонтаж,1
крылышки ДЖО,1
Лукьянчиков Евгений Валерьевич,1
ГК Фармасинтез,4
ВаниноТрансУголь,1
Миротворец,7
Дальторгсервис,2
Парфюм Компани,2
Голубева Юлия Викторовна,5
Сертифика-ДВ,1
Мега Хенд,6
Меридиан Девелопмент ТЗ,1
Бэст Сервис,2
МК Рефтранс,1
ТОРГОВЫЙ ДОМ «АВТОПРОФИ»,1
Транс Трек-ДВ,2
Нет Износа,2
Акваполис (ИП Барон Надежда Петровна),1
FUNDAY,1
Гончаров Никита Дмитриевич,1
Байкал-Сервис,3
Дальневосточный филиал АО ТК РусГидро,6
Центр Газовых Технологий,1
Сдм-Групп,1
Обытоцкий Сергей Михайлович,1
Восточная Строительная Компания №1,1
"Би Си Ай,ООО",4
Интегратор,2
Сибирская Сервисная Компания,1
Сфера недвижимости (ИП Буравкова Любовь Геннадьевна),1
МКУ Служба единого застройщика заказчика,8
Альто Фарма,1
Магазин АвтоДепо,1
Рефсервис,1
Айтек,3
Гадисов Атеш Махмуд Оглы,1
ZENDEN,6
ПСБ (Промсвязьбанк),2
МаксАвтоПрим,1
Раковское,4
Иванов Егор Сергеевич,7
Райков Евгений Игоревич,1
Априори,3
ДВЗ ЭКОЛОС,6
Новая технология,1
База отдыха Вэлис,1
Йота ДВ,1
Хе Наталья Эдуардовна,2
СКФ Рубин,2
Железнодорожная торговая компания,2
Россельхозбанк,2
VL.RU,3
Компания нек4,1
Доброцен (отдел развития),1
АРТЕКС,1
ПО Трансгаз,5
Канцелярская Крыса,4
Импорт-Прим,1
ФосАгро,1
Комформ,3
Golden Snail,1
СКИФ,1
ТАРГЕТ АГРО,2
George Group,6
ГБУЗ ТО Областная больница № 9 (с.Вагай),2
Стоматологическая клиника Доктор Кан,1
Зайчики-Ритейл,1
Профи Клиник Уссурийск,3
АПК АЛЬЯНС,7
25-Регион,1
ЛТ АГРО ТРЕЙД,1
Владторг,2
Администрация Уссурийского городского округа,2
Специализированный Застройщик Инвестстрой Дв,1
Банк Приморье,1
Сахалин-Инжиниринг,3
Равшанов Рустамжон Муродович,1
ГеоСтрой,6
Кислород,1
Ортомед,1
Regulmoto,4
Protect 360°,1
Эверест,6
Спецстройресурс,5
Кузнецова Елена Петровна,1
НОВОЕ РАДИО ДВ,1
Action,1
Комплект-сервис,1
Спицын Артем Анатольевич,2
Труд,3
РУМС,1
В-Лазер,1
Хотей,1
КФХ Федореева Екатерина Анатольевна,1
СпецСтрой-Восток,5
ТРАНСГАЗ,5
Продис-ДВ,2
Бирлин,2
АЛВИ Групп,1
Кадано,1
Уссури Импорт,1
Уссурийская картонная фабрика,2
Департамент персонала,2
ВЧ-групп,1
Тензор,2
НЭК Сервис,1
SushiMagia,4
Капиталстрой,2
АГРООЛИМП,1
Вирэй,1
Газтехмонтаж,2
Мебель Град,6
"ВСК, САО",2
НАЙТ,1
Банк Открытие,1
НИКОЛЬСК-ВОСТОЧНЫЙ,2
Давудов Роман Магомедсаидович,1
Росконгресс,2
Первый Бит,3
Управление по работе с территориями администрации Уссурийского городского округа,1
Восток-Запад,1
АЛЬЯНС ЛОГИСТИК,1
МебельЭконом,2
ЭнергоРемонтСервис,1
Лотте Интернешнл Михайловка,2
Директ Кредит,1
Набока Александр Григорьевич,1
Газпром трансгаз Томск,2
Антрацит,2
ГК Оазис,1
Снежная Долина,1
Ригла,1
СОГАЗ,2
AB InBev Efes,2
ТФЛ,1
билайн,9
Независимая нефтегазовая компания,5
"ЭТМ, компания",2
Яндекс.Еда,3
Delivery Club,2
Аванта,1
СК-Купрум,2
TaoTao Consulting Co. LTD,1
Торговый Отдел Посольства Республики Корея,1
Апиценна,1
Русская Рыбопромышленная Компания,3
Транспортная компания ПРЕСТИЖ,1
Многофункциональный Комплекс Бурный,4
"Регион Авто, офис в г. Владивосток (ул. Светланская 83)",1
Департамент Ф53,3
Центр судоремонта Дальзавод,21
Федеральная сеть книжных магазинов Читай-город,4
Lamoda,6
Japan Auto Lines,1
Будаев Константин Аланович,4
To youth,1
Строительно-техническая девелоперская компания,3
Ростелеком-Солар,1
ИстТрейд,2
Кодолов Групп,3
ЛОТТЕ Отель Владивосток,6
"ТЕРМЕКС, Группа Компаний",1
Любовь и молодость,9
Российский морской регистр судоходства,1
Союзснаб,2
Fresh Plaza,1
Юнитсервис-ДВ,1
Модный Континент,1
Рейл-Траст,2
Консалтинг Групп,1
Sunny paradise,1
Титул ДВ,4
"Реил Континент, УК",1
Компания Русский Свет,2
GUESS Владивосток (ИП Кравченко Сергей Викторович),2
Вертро,1
Управление Федерального казначейства по Приморскому краю,3
Магазин молодежной одежды Dap`86,3
KERAMA MARAZZI (ООО СИБИРЬ-КЕРАМА),1
Элара,3
ПРОМЗАПАС,2
Ресторан Токио,1
Колесо,1
Управляющая компания «Дальневосточный рыбак»,10
СТМ-Восток,3
S.AROMA,1
Энергия Востока,5
Амурский судостроительный завод,4
ТД УНИТОРГ,4
Банк Синара,1
Одиссей-Шип-Сервис,4
РусГидро ОЦО,8
Владивостокский центр охраны труда,1
"Кадровый центр, qWell",7
100 ТОНН МОНТАЖ,1
Восток-УАЗ,3
СЛК-Сервис,2
Петон Констракшн,1
Лысенко Наталия Андреевна,1
"Сибирский Бизнес, Группа Компаний",2
СМ Групп,1
ТИС Лоджистик,1
Ристретто,8
MEDLIGA,1
МЕГАТЭКС,1
Eyfel Parfume (ИП Шайтанова Надежда Юрьевна),1
Залевская Наталья Андреевна,1
Kobra Robra (ИП Субботин Вячеслав Сергеевич),2
Портнефтесервис,1
Центр найма курьеров,2
Рея,3
MIXIT магазин натуральной косметики,1
ЦЕНТР ПОЛА,2
Владивостокский морской рыбный порт,2
Компания БКС,1
Бигль,4
Автосити-Нск,3
Чукотская Торговая Компания,1
Силайн Диджитал,1
НТС ГРУПП,3
Levita (ИП Горячковский Руслан Федорович),1
Министерство Экономического Развития Приморского Края,2
Звезда Морские Технологии,2
Акцент,7
ES Transit,1
Апогей-ВЛД,4
Группа компаний «Армада»,4
ПИК Геодездв,3
МегаИмпортГрупп,2
OkiDoki,5
Первый Дальневосточный Центр Здоровые Сосуды,1
"Группа компаний ЭРКАФАРМ (аптечные сети Озерки, Доктор Столетов)",2
Спец Империал,1
Арифметика,1
МАУ ДО Владивостокский Городской Дворец Детского Творчества,1
Дальпико-Рыбсервис,1
Priority Center,2
Дальневосточная логистическая компания,2
Сибинструмент,4
МБОУ СОШ 61,2
Идэн Инжиниринг,1
"Нерей, Торговая Компания",1
ЕОС РУС,1
Лайнер,2
Митрушова Ирина Владимировна,1
Центр Инженерной Безопасности,1
Профметмебель,3
ВСК Флагман,1
АвтоМастер,2
АСК-Групп,1
Специализированный застройщик «Тим-Групп Девелопмент»,2
Чайна Деливери,1
Реферта,2
Прайм,7
ЭверНит,4
Акватехнологии,1
Солди,4
Ист Эдженси,2
ТД Зелёный остров,3
Интэнт,3
Тэлстрой,4
ДГС,5
Ти ЭМ Си Авто,1
Квартирант Плюс,3
ГК Макнот,3
Частная школа Лига знаний,1
PrimaMedia,4
Строй Инновации,1
Альянс ДВ,2
Солонец Софья Геннадьевна,1
СТРОМИКС,2
Аксиос Инжиниринг,6
Примтеркомбанк,3
Зооград,13
ГК Кристал Альянс,1
ФГБУ Науки Институт Проблем Морских Технологий Дальневосточного отделения Российской Академии Наук,5
Славда-ТРЭЙД,1
ПКФ ДВ-Пласт,10
Искра.Эксперт,1
Мит ДВ,1
ТИЭМЭЛ РУС,3
Алекс-Прим,1
ТК РусГидро,4
Современные Лифтовые Машины,1
Центр развития инвестиций,1
Арлекин,3
РЕКОРД,1
Бизнестайм,3
Азия,1
СТК Магнит,1
Министерство ГОЧС Приморского края,1
Агентство Проектного Управления Приморского Края,2
Летс Интерпрайз,1
Farcaster,4
Экспобанк,2
ГК Дальневосточный Фасад,1
Дальлак,2
МУП города Владивосток Владивостокское предприятие электрических сетей,4
Оранж-Групп,1
минимаркеты Раз Два,6
ЧизЛайн,1
Бас-ДВ,2
Современные Инженерные Решения,2
РТ-Инвест Транспортные Системы,1
ВЛАДКОСМЕТИК,1
FutureToday,1
Габбасова Джулия Азатовна,2
Бенуар Владивосток,10
Языкова Оксана Анатольевна,4
Группа Самолет,2
Камдео,1
MILANA Shoes & Accessories,1
СТФ Технолоджи,1
BAT Russia,2
International Joint Research Center for Nanophotonics and Metamaterials,1
Skilla Работа,1
Элемент Лизинг,2
Муравецкая Ольга Владимировна,1
ЮНИСТРИМ БАНК,1
Fun Jump,5
Управляющая Компания Регион 25,3
МедБизнесКонсалтинг,1
Трамис,2
Азия Кредит,1
Курьер - Центр Найма,4
Чиббис,1
Пенткрофт Фарма,1
РУССКОЕ СТРАХОВОЕ ОБЩЕСТВО ЕВРОИНС,1
ГК РСХ,1
Миралек,1
ГАРВИН (ГК ГаражТулс),1
ГАЛА-ЦЕНТР,1
Нефтегазстройэксперт,1
АФ Транс,2
СХУ,2
Информационный центр,1
Аутком,1
КИТ,3
Pay P.S.,1
Юнилин,1
LITOKOL,1
COLDY,1
Терминал Плюс,1
СИМБИО,1
Бельведер,12
СэллАрт-ДВ,3
Калашникова Алёна,1
MAXIMUM EDUCATION,2
Сервис Плюс,1
Открытие Инвестиции,1
СИБДРАЙВ,2
Beijing Dingxin Jiacheng Investment Management Co,1
Ривьера,1
АРМ,1
РУСТЕЛ ИННОВАЦИИ,1
NOVIK COUNTRY CLUB,9
Дальневосточный региональный центр охраны труда,1
РС ПРОЕКТ,1
MC-Bauchemie,1
EKF,2
ПРОФСНАБ,2
X5 Digital,1
ГЕОЛАЙН,1
ГК Евросервис,1
ИТК ТЕХНОЛОГИЯ,2
Трейд Групп,1
СВГ,4
Сажина Марина Анатольевна,3
Промстроймонтаж,1
РЕКОРД ТРЕЙД,1
Файбертул,2
Группа компаний Сертификейшен Групп,1
Федотов Егор Игоревич,1
ЭСК Корпус,1
Хигаши,1
Влб-Брокер,1
"Войсковая часть 40128, Минобороны России",1
Nexign (АО Нэксайн),1
Японский центр,1
Ахмедов Гурбан,1
Нэвис Шиппинг,2
ПримПроект,1
Island soul,1
Все для АЗС,1
Я.Курьер (ИП Парфенова Дарья Олеговна),7
Невский кондитер,1
НУЖНЫЕ ЛЮДИ,1
Тесли,3
Дёрова Лина Владимировна,1
ДВ-Массив,1
Абдирахманов Хуршид Махмадали Угли,1
Рогулин Михаил Сергеевич,1
Акку-Фертриб,1
"БЕЛУПО, лекарства и косметика д.д.",1
ИМТРЕЙД,6
Профессионал,2
Салихов Рестям Самиуллович,1
ПРИМ-ХОЛОД,1
CК Райдекс,1
"Emerging Travel Group (Ostrovok.ru, B2B.Ostrovok, RateHawk, ZenHotels)",1
Проф-Тон Групп,1
Группа компаний Астра,6
"Институт Тренинга - АРБ Про, группа компаний",1
Ма Бутэ,2
Travelmart,1
Торговый дом БалтМедБизнес,1
Караваева Елена Александровна,2
ГК Альянс,3
СБСС,1
Аврора Спг Владивосток,1
КапиталЪ,2
Мэлон Фэшн Груп,3
Валова Екатерина Дмитриевна,2
Транзит 27,2
Дискавери Лайн,2
MARMALATO,2
FINN FLARE,3
Глобал HR (ИП Вяткин Максим Анатольевич),2
Диалог Регионы,1
ФКУ Центр по обеспечению деятельности Казначейства России,3
2k-line.ru,3
City Express,1
МАКСБИТСОЛЮШЕН,1
Металл-Инвест,1
Ключко Дарья Алексеевна,1
Z11 магазин мужской одежды,1
Восток,2
Мореодор,1
ОРИЕНТ-ГРУПП,2
"Zoomlion Heavy Industry Science&Technology Co., Ltd.",1
Инвиктика,1
Приморский филиал ООО Амурский бройлер,1
Регион Строй,1
Эф.Эс. Макензи,1
РИГ,3
Кадровое агентство «Лаборатория T&D Lab»,1
Laboratory Online,9
СИИ,2
ИНФОСТРОЙ-ДВ,4
ТрансЭлектроСтрой,1
Кор Менеджмент,1
Гидроэлектромонтаж,1
Московский финансово-юридический университет МФЮА,1
"СИБУР, Группа компаний",1
Беринг Золото,4
Шерман Наталья Викторовна,1
Русхимсеть,1
Simple,1
Чиковинская Татьяна Викторовна,1
СБЕР (ООО еАптека),12
Сервье,1
Велес Восток,1
Профит Транс,3
Славяночка,1
Фолиант,1
Звезда-Эм,8
Магнит,1
Альфа Влад Моторс,1
Гипропромсервис,1
АО НПФ ВТБ Пенсионный фонд,1
Актавия,1
Котельные Системы,1
СтройЛесПром,1
СберМаркет,6
Центр лазерной косметологии Тисс,3
Север Авто,1
QIWI,2
VM Partners,1
Бизнес-Консалт,2
Веза,1
Техностафф,2
Проавто,2
СМАРТ ОРАНЖ,1
Правовой Холдинг,2
Альфа-Медика,1
Харвест Тайм,1
Оптика Охраны Зрения,1
АСТ-Интернэшнл инваэронмэнт,1
Малюта Герман Юрьевич,1
Болезин Артем Игоревич,1
Транстрой,1
StormWall™,1
Мастер Склад Владивосток,1
Глобус,1
Группа Транспортных Компаний Восток-Логистика,1
ДэлКар,2
Д-Эстетик,8
Глобал Мэп,1
Магнум Гранд Палас,1
Первая Корпорация,2
Строительная компания Дальний Восток,1
Формула Логистики,1
ПримЭстетика,1
5P.Lab,1
КМП,1
Рулю,1
АНОО ДПО Автошкола ПРОФИ ЦЕНТР,1
Твс Форвард,4
СертДВ,1
ПК СЕРЫШЕВСКИЙ (ИП Мельниченко Дмитрий Викторович),1
ВТС,2
ЕвроТрансЭкспедиция,1
Трапеза,1
Кухни Мария (ООО Элит Дизайн),1
НПО Босфор Восточный,1
Джи Эл Трейд,1
Специализированный Застройщик Навигатор,5
Ориент Таер Сервис,1
Лог Ист,5
ТехноНИКОЛЬ,1
Журавлев Александр Сергеевич,1
Зеро,1
Подзамену.ру,1
Авис Глобал,1
Фонд Правовой Поддержки Миграционных Процессов,1
ТД Электросистемы,1
ГК Олимпроект,5
Цифровое Приморье,3
Курьерская служба Курьер,1
ДОНГИС,1
Джонатан,1
Concept Lab,1
Конышева Кристина Евгеньевна,2
Незванов Андрей Эдуардович,2
Управление Роскомнадзора по Дальневосточному федеральному округу,2
Роса,1
Восток Транс Логистик,1
Курьерская служба Смарт,1
Хелиос,2
Yota,1
Геркулес-Сибирь,1
АСУ - Консалтинг,2
Дальневосточная рефрижераторная компания,1
Компания Румас-Трейдинг,3
Судакова Елизавета Максимовна,1
Prime Interior,1
Карфинанс,1
ВМС Лайн,1
Improvado KZ,1
ВЛАДМЕД,1
Щербатюк Владимир Валентинович,1
Почин,1
Импортэкс,1
МотоЦех,1
Programming Store,1
Очиров Тумэн,1
Крайэлектрострой,1
Строительно-монтажное управление 882,2
PepsiCo,1
Департамент оценочной деятельности,1
Ингосстрах,3
БОГАТОЕ,1
Салитова Ирина Витальевна,1
Альфа Тест,1
СТРОЙИНВЕСТ,2
ОСТ ОПТ,3
Андреева Ксения Владимировна,1
Галант-М,1
Restyle (ИП Макаренко Вячеслав Сергеевич),1
ГАУК Театр Молодежи,1
Рекламное агентство Вверх!,1
Единый Центр,2
"Звонцев Николай Сергеевич (Улитка,магазин корейской косметики)",1
Рыболовецкая артель ИНЯ,3
Восточный полюс,1
Научно-Экологическая организация,3
Бухгалтерия Плюс,1
Васильева Ангелина Игоревна,1
Парус,2
Центр Юридической Помощи,1
"Голубой Лотос, начальная школа будущего",1
Интернорд,1
Церебрум-М,1
МЦ Парацельс,1
Полиметалл,1
БизнесДиалог,2
Барбарис,1
СДЭК (ИП Финагентова Юлия Сергеевна),1
Снабжение-Восток,2
ЮК Точка опоры,1
Компания ПРост,2
ЭС-ЭЛ ПАМПС,2
Falke (ИП Лойченко Илья Сергеевич),1
Современная Школа,2
Softline,2
Изотова Татьяна,3
Иващенко Игорь Николаевич,3
СофтМолл,1
Воронов Сергей Викторович,1
"Пивоваренная компания Балтика, часть Carlsberg Group",1
ЭнергоПромСтрой,1
ИПА,2
BASHNI,2
СК Альянс,1
Грузков Михаил Николаевич,1
Дальневосточное юридическое агентство,1
Кудрявые и Капризные,1
ПЕТРА ДВ,2
Абсолют,3
Керамаркет,1
Силмак,1
СЗ Эдельвейс-1,1
БИЗНЕС РЕМОНТ,1
НК Групп,1
Ушач Алексей Андреевич,1
«Роял Кредит Банк»,1
МЕЧТА,1
Фаленкова АО,1
Офикс-Владивосток,1
КГБУ Агентство по использованию и сохранению имущества Приморского края,4
CyberGymvl,1
Периметр,1
Метлякова Евгения Олеговна,1
Гудина Инна Юрьевна,3
Сириус,1
Центури Групп,1
Близар,3
Новый Дом Менеджмент,2
ТРАСТ НЕДВИЖИМОСТИ,1
Choupette Владивосток (ИП Кузнецова Галина Фанильевна),1
ЮК Восточный Бастион (ИП Авилов Андрей Александрович),2
Дубодел Олег Михайлович,1
Водопад-25,1
Конкрит джангл,3
"Байкал, группа компаний",1
Союз Застройщиков (ИП Степанян Михаил Карушевич),3
Симпл вэй,2
Майхонг Трейдинг,1
Муха Татьяна Андреевна,1
Ермак,1
Приморская шинная компания,1
Краевое государственное казенное учреждение Управление землями и имуществом на территории Приморского края,1
Главный Рабочий (ИП Гренков Александр Юрьевич),1
Легендагро Приморье,1
Яков Семенов,1
Коваль Сергей Владимирович,1
Century21RealtyClub,2
Автомеханика (ООО Автотрейд),1
Юрьевских О.А.,6
Контур,3
ФГБОУ ВО Владивостокский Государственный Университет,11
"СМНМ-ВИКО, ИСК",1
МБДОУ Детский сад № 134,1
Ареал-Девелопмент,4
Импульс,1
Пасифик Интернешнл Хоспитал,1
Розенталь Групп,1
Кирилл Кожевников,1
Babochka,1
Захарин Александр Викторович,1
Первая Розничная Компания,3
Воробьева Оксана Андреевна,1
Партнер,2
Технология,3
SafeCarVL,1
Московский Филиал Торговой компании Юй Ран Провинции Хэйлунцзян,1
Restaurant alliance DNK FOOD,1
JCat.ru,1
amoCRM,1
Z Brothers,1
Вайт Коттон,1
Job development (ИП Козлова Ольга Александровна),3
ГСП-Технологии,1
Стройпанель,1
УК Восход,1
Модерн Вей Кросс Бордер Логистикс Рус,1
Омлет станция,1
СИНЕРГИЯ,2
СберЛизинг,1
Z11,1
Раминжиниринг,1
Кормильцев Григорий Михайлович,1
Связь и Радионавигация,1
РМА-Лоджистикс,1
Игнеско,1
Небогатова О.В.,1
Киномакс,1
Muse art,1
КАР-ЭКС,1
СТ Механика,1
ЭЛСИ,1
Объединенная Гидравлическая Компания,1
Банк ДОМ.РФ,1
RMixed,1
Полярная Звезда,3
Coleman Group,1
БОЛЬШАЯ СТРАНА,1
Ст-Торг,1
Globaldrive,3
Юнион Логистик,1
Спецремонт,2
ПКФ Сила Тока,1
Джапан Стар,1
Снежная Королева,4
Сапожников Павел Андреевич,2
ЯДРАН,1
Бриз - Климатические Системы,1
ЧЕМПИОН,1
AsstrA,1
Вокруг Света,1
ДПО,1
Возовоз,1
Inventive Retail Group,2
Новэк,1
Клиника доктора Кремешного,2
FEMS,1
Х5 Group,1
WowVendor,3
Океанстрой,4
Хомтелеком24,1
The Black 169,1
Абсолют Кредит,1
Спецмаш-Снг,1
MillionAgents,1
LONMADI JSC / ЛОНМАДИ,2
Персей,1
КСК ЭКСПЕРТ,1
БТЛ,1
GRAF group,1
BORK,1
Север Минералс,1
СПЛАВ-СПБ,2
Русал Комплектация,1
Рента-Восток,7
Автокомплекс Diamond,1
Деньги на дом,1
УК Золотые проекты,2
СТАНДАРТПАРК,1
Паритет-Проф,5
Orion Group,1
Улыбина Яна Владимировна,1
Твой Терминал,1
"Солдис, группа компаний",2
Digital-агентство House,1
Эксклюзив,2
Автопитер,1
РЕСО-Лизинг,1
ОМЕГА,1
СтройГазКомплект,1
Анадырский морской порт,1
МАРКА СТАЛИ,1
KINTECH GROUP,1
Запсибгазпром-Газификация,1
Силмар,2
Фаворит Трейд,1
Специальная Энергия,1
Сервионика,1
Металлургическая Компания Уралсталь,1
Альфа-Лизинг,1
Логос Академия,1
Рич Фэмили,2
Финестра Оптима,2
It's wear (ИП Хан Алексей Афанасьевич),1
"Материа Медика Холдинг, НПФ",1
Защищенные Телекоммуникации,1
EASTEX,1
ИНЖЕНЕРНАЯ КОМПАНИЯ,1
Бизнес Партнер,1
Межрегиональная инспекция Федеральной налоговой службы по Дальневосточному федеральному округу,2
Русская рыбная компания,1
РДК-Восток,1
"Инглекс, онлайн-школа английского языка",1
ВЛ-Автоматизация,1
Актуаль Плюс,1
Арнейс,1
Туристско-информационный центр Приморского края,1
Нико-Ойл ДВ,1
НОВАК,1
КГУП Приморский экологический оператор,2
Сити Трейд,1
Импульс Юг,1
МБУ Содержание Городских Территорий,1
Востокбункер,8
СК Алькор,1
Газстройпром,1
Ростелеком Контакт-центр,1
Первая нерудная компания,8
ГБУЗ ЛО Ломоносовская межрайонная больница им. И.Н. Юдченко,1
Русские Транспортные Линии,1
Магазин разливного пива Пивной Формат,1
Арден-Сервис,1
Новак А.А. Оконные системы,1
ЗСК Глобал,2
ГБУЗ ПНД № 2,1
OVITA.RU,1
Воркутауголь,1
ГБУЗ МО Рошальская городская больница,1
Св-Билдинг,1
